,x_a,x_b,y_a,y_b,Gmix,Hull_Gmix
0,0.0001,0.9999,0.0001,0.9999,-0.046524473160594056,-0.046524473160594056
1,0.0001,0.9999,0.041758333333333335,0.9582416666666667,-2.5644623182786197,-2.5644623182786197
2,0.0001,0.9999,0.08341666666666667,0.9165833333333333,-3.9170142290452796,-3.9170142290452796
3,0.0001,0.9999,0.125075,0.874925,-4.8639129102159355,-4.8639129102159355
4,0.0001,0.9999,0.16673333333333332,0.8332666666666666,-5.567487739736222,-5.567487739736222
5,0.0001,0.9999,0.20839166666666664,0.7916083333333332,-6.103677805202096,-6.103677805202096
6,0.0001,0.9999,0.25005,0.74995,-6.516122173939534,-6.516122173939534
7,0.0001,0.9999,0.2917083333333333,0.7082916666666667,-6.8325974902845275,-6.8325974902845275
8,0.0001,0.9999,0.33336666666666664,0.6666333333333333,-7.0717793124510315,-7.0717793124510315
9,0.0001,0.9999,0.375025,0.624975,-7.246524304693061,-7.246524304693061
10,0.0001,0.9999,0.4166833333333333,0.5833166666666666,-7.365631727687379,-7.365631727687379
11,0.0001,0.9999,0.45834166666666665,0.5416583333333334,-7.434841848854054,-7.434841848854054
12,0.0001,0.9999,0.5,0.5,-7.457404091328003,-7.457404091328003
13,0.0001,0.9999,0.5416583333333334,0.45834166666666665,-7.434371199514699,-7.434371199514699
14,0.0001,0.9999,0.5833166666666666,0.4166833333333333,-7.364690429008672,-7.364690429008672
15,0.0001,0.9999,0.624975,0.375025,-7.245112356675005,-7.245112356675005
16,0.0001,0.9999,0.6666333333333333,0.33336666666666664,-7.069896715093609,-7.069896715093609
17,0.0001,0.9999,0.7082916666666667,0.2917083333333333,-6.830244243587757,-6.830244243587757
18,0.0001,0.9999,0.74995,0.25005,-6.513298277903408,-6.513298277903408
19,0.0001,0.9999,0.7916083333333332,0.20839166666666664,-6.100383259826621,-6.100383259826621
20,0.0001,0.9999,0.8332666666666666,0.16673333333333332,-5.563722545021388,-5.563722545021388
21,0.0001,0.9999,0.874925,0.125075,-4.8596770661617565,-4.8596770661617565
22,0.0001,0.9999,0.9165833333333333,0.08341666666666667,-3.9123077356517415,-3.912307735651742
23,0.0001,0.9999,0.9582416666666667,0.041758333333333335,-2.559285175545733,-2.5592851755457335
24,0.0001,0.9999,0.9999,0.0001,-0.040876681088348306,-0.04087668108834912
25,0.041758333333333335,0.9582416666666667,0.0001,0.9999,-1.1534619389209033,-1.153461938920906
26,0.041758333333333335,0.9582416666666667,0.041758333333333335,0.9582416666666667,-3.655669759373925,-3.6556697593739376
27,0.041758333333333335,0.9582416666666667,0.08341666666666667,0.9165833333333333,-4.99249164547556,-4.992491645475572
28,0.041758333333333335,0.9582416666666667,0.125075,0.874925,-5.923660301981219,-5.923660301981221
29,0.041758333333333335,0.9582416666666667,0.16673333333333332,0.8332666666666666,-6.611505106836487,-6.611505106836499
30,0.041758333333333335,0.9582416666666667,0.20839166666666664,0.7916083333333332,-7.1319651476373505,-7.131965147637355
31,0.041758333333333335,0.9582416666666667,0.25005,0.74995,-7.528679491709784,-7.5286794917097914
32,0.041758333333333335,0.9582416666666667,0.2917083333333333,0.7082916666666667,-7.8294247833897685,-7.829424783389783
33,0.041758333333333335,0.9582416666666667,0.33336666666666664,0.6666333333333333,-8.052876580891258,-8.052876580891278
34,0.041758333333333335,0.9582416666666667,0.375025,0.624975,-8.21189154846828,-8.211891548468309
35,0.041758333333333335,0.9582416666666667,0.4166833333333333,0.5833166666666666,-8.315268946797598,-8.315268946797627
36,0.041758333333333335,0.9582416666666667,0.45834166666666665,0.5416583333333334,-8.368749043299253,-8.36874904329926
37,0.041758333333333335,0.9582416666666667,0.5,0.5,-8.375581261108195,-8.3755812611082
38,0.041758333333333335,0.9582416666666667,0.5416583333333334,0.45834166666666665,-8.33681834462988,-8.336818344629894
39,0.041758333333333335,0.9582416666666667,0.5833166666666666,0.4166833333333333,-8.25140754945885,-8.251407549458865
40,0.041758333333333335,0.9582416666666667,0.624975,0.375025,-8.116099452460166,-8.116099452460174
41,0.041758333333333335,0.9582416666666667,0.6666333333333333,0.33336666666666664,-7.9251537862137695,-7.925153786213777
42,0.041758333333333335,0.9582416666666667,0.7082916666666667,0.2917083333333333,-7.6697712900429025,-7.669771290042912
43,0.041758333333333335,0.9582416666666667,0.74995,0.25005,-7.337095299693541,-7.337095299693551
44,0.041758333333333335,0.9582416666666667,0.7916083333333332,0.20839166666666664,-6.908450256951744,-6.90845025695175
45,0.041758333333333335,0.9582416666666667,0.8332666666666666,0.16673333333333332,-6.3560595174814996,-6.356059517481503
46,0.041758333333333335,0.9582416666666667,0.874925,0.125075,-5.63628401395686,-5.636284013956865
47,0.041758333333333335,0.9582416666666667,0.9165833333333333,0.08341666666666667,-4.673184658781835,-4.673184658781842
48,0.041758333333333335,0.9582416666666667,0.9582416666666667,0.041758333333333335,-3.3044320740108155,-3.304432074010827
49,0.041758333333333335,0.9582416666666667,0.9999,0.0001,-0.7702935548884269,-0.7702935548884381
50,0.08341666666666667,0.9165833333333333,0.0001,0.9999,-1.1297218050520508,-1.1345209608737095
51,0.08341666666666667,0.9165833333333333,0.041758333333333335,0.9582416666666667,-3.616199600840055,-3.6381656496395203
52,0.08341666666666667,0.9165833333333333,0.08341666666666667,0.9165833333333333,-4.937291462276701,-4.976424404053945
53,0.08341666666666667,0.9165833333333333,0.125075,0.874925,-5.852730094117341,-5.909029928872393
54,0.08341666666666667,0.9165833333333333,0.16673333333333332,0.8332666666666666,-6.524844874307606,-6.598311602040451
55,0.08341666666666667,0.9165833333333333,0.20839166666666664,0.7916083333333332,-7.029574890443467,-7.120208511154103
56,0.08341666666666667,0.9165833333333333,0.25005,0.74995,-7.410559209850874,-7.518359723539326
57,0.08341666666666667,0.9165833333333333,0.2917083333333333,0.7082916666666667,-7.695574476865847,-7.820541883532099
58,0.08341666666666667,0.9165833333333333,0.33336666666666664,0.6666333333333333,-7.903296249702336,-8.045430549346378
59,0.08341666666666667,0.9165833333333333,0.375025,0.624975,-8.04658119261434,-8.205882385236189
60,0.08341666666666667,0.9165833333333333,0.4166833333333333,0.5833166666666666,-8.134228566278647,-8.310696651878295
61,0.08341666666666667,0.9165833333333333,0.45834166666666665,0.5416583333333334,-8.171978638115306,-8.365613616692741
62,0.08341666666666667,0.9165833333333333,0.5,0.5,-8.163080831259226,-8.37388270281447
63,0.08341666666666667,0.9165833333333333,0.5416583333333334,0.45834166666666665,-8.10858789011591,-8.336556654648945
64,0.08341666666666667,0.9165833333333333,0.5833166666666666,0.4166833333333333,-8.007447070279856,-8.252582727790704
65,0.08341666666666667,0.9165833333333333,0.624975,0.375025,-7.856408948616167,-8.118711499104808
66,0.08341666666666667,0.9165833333333333,0.6666333333333333,0.33336666666666664,-7.64973325770476,-7.9292027011712
67,0.08341666666666667,0.9165833333333333,0.7082916666666667,0.2917083333333333,-7.378620736868886,-7.675257073313123
68,0.08341666666666667,0.9165833333333333,0.74995,0.25005,-7.03021472185452,-7.344017951276551
69,0.08341666666666667,0.9165833333333333,0.7916083333333332,0.20839166666666664,-6.585839654447707,-6.916809776847542
70,0.08341666666666667,0.9165833333333333,0.8332666666666666,0.16673333333333332,-6.017718890312457,-6.365855905690087
71,0.08341666666666667,0.9165833333333333,0.874925,0.125075,-5.282213362122803,-5.647517270478237
72,0.08341666666666667,0.9165833333333333,0.9165833333333333,0.08341666666666667,-4.303383982282771,-4.685854783616
73,0.08341666666666667,0.9165833333333333,0.9582416666666667,0.041758333333333335,-2.9189013728467437,-3.31853906715777
74,0.08341666666666667,0.9165833333333333,0.9999,0.0001,-0.36903282905934365,-0.7858374163481701
75,0.125075,0.874925,0.0001,0.9999,-0.7350367763094408,-1.1155799828265154
76,0.125075,0.874925,0.041758333333333335,0.9582416666666667,-3.2057845474324473,-3.6206615399051154
77,0.125075,0.874925,0.08341666666666667,0.9165833333333333,-4.511146384204068,-4.960357162632329
78,0.125075,0.874925,0.125075,0.874925,-5.410854991379704,-5.894399555763567
79,0.125075,0.874925,0.16673333333333332,0.8332666666666666,-6.067239746904953,-6.585118097244414
80,0.125075,0.874925,0.20839166666666664,0.7916083333333332,-6.556239738375801,-7.108451874670854
81,0.125075,0.874925,0.25005,0.74995,-6.921494033118208,-7.508039955368866
82,0.125075,0.874925,0.2917083333333333,0.7082916666666667,-7.190779275468177,-7.811658983674428
83,0.125075,0.874925,0.33336666666666664,0.6666333333333333,-7.382771023639641,-8.037984517801497
84,0.125075,0.874925,0.375025,0.624975,-7.510325941886649,-8.199873222004097
85,0.125075,0.874925,0.4166833333333333,0.5833166666666666,-7.582243290885945,-8.306124356958993
86,0.125075,0.874925,0.45834166666666665,0.5416583333333334,-7.604263338057585,-8.362478190086227
87,0.125075,0.874925,0.5,0.5,-7.579635506536498,-8.372184144520745
88,0.125075,0.874925,0.5416583333333334,0.45834166666666665,-7.509412540728167,-8.336294964668008
89,0.125075,0.874925,0.5833166666666666,0.4166833333333333,-7.392541696227116,-8.253757906122557
90,0.125075,0.874925,0.624975,0.375025,-7.22577354989841,-8.12132354574945
91,0.125075,0.874925,0.6666333333333333,0.33336666666666664,-7.003367834321992,-7.93325161612863
92,0.125075,0.874925,0.7082916666666667,0.2917083333333333,-6.71652528882111,-7.6807428565833415
93,0.125075,0.874925,0.74995,0.25005,-6.352389249141737,-7.350940602859558
94,0.125075,0.874925,0.7916083333333332,0.20839166666666664,-5.892284157069909,-6.925169296743339
95,0.125075,0.874925,0.8332666666666666,0.16673333333333332,-5.30843336826965,-6.375652293898674
96,0.125075,0.874925,0.874925,0.125075,-4.557197815414984,-5.658750526999612
97,0.125075,0.874925,0.9165833333333333,0.08341666666666667,-3.562638410909944,-4.698524908450164
98,0.125075,0.874925,0.9582416666666667,0.041758333333333335,-2.1624257768089095,-3.3326460603047243
99,0.125075,0.874925,0.9999,0.0001,0.4031727916435077,-0.8013812778079124
100,0.16673333333333332,0.8332666666666666,0.0001,0.9999,-0.13173623063867268,-1.0966390047793213
101,0.16673333333333332,0.8332666666666666,0.041758333333333335,0.9582416666666667,-2.586753977096654,-3.603157430170711
102,0.16673333333333332,0.8332666666666666,0.08341666666666667,0.9165833333333333,-3.876385789203285,-4.944289921210714
103,0.16673333333333332,0.8332666666666666,0.125075,0.874925,-4.760364371713898,-5.879769182654739
104,0.16673333333333332,0.8332666666666666,0.16673333333333332,0.8332666666666666,-5.401019102574143,-6.571924592448376
105,0.16673333333333332,0.8332666666666666,0.20839166666666664,0.7916083333333332,-5.874289069379973,-7.096695238187605
106,0.16673333333333332,0.8332666666666666,0.25005,0.74995,-6.223813339457365,-7.497720187198407
107,0.16673333333333332,0.8332666666666666,0.2917083333333333,0.7082916666666667,-6.477368557142331,-7.802776083816756
108,0.16673333333333332,0.8332666666666666,0.33336666666666664,0.6666333333333333,-6.653630280648784,-8.030538486256615
109,0.16673333333333332,0.8332666666666666,0.375025,0.624975,-6.765455174230798,-8.193864058772004
110,0.16673333333333332,0.8332666666666666,0.4166833333333333,0.5833166666666666,-6.8216424985650725,-8.301552062039686
111,0.16673333333333332,0.8332666666666666,0.45834166666666665,0.5416583333333334,-6.827932521071702,-8.359342763479711
112,0.16673333333333332,0.8332666666666666,0.5,0.5,-6.787574664885611,-8.370485586227018
113,0.16673333333333332,0.8332666666666666,0.5416583333333334,0.45834166666666665,-6.701621674412273,-8.33603327468707
114,0.16673333333333332,0.8332666666666666,0.5833166666666666,0.4166833333333333,-6.5690208052462005,-8.254933084454409
115,0.16673333333333332,0.8332666666666666,0.624975,0.375025,-6.386522634252497,-8.123935592394089
116,0.16673333333333332,0.8332666666666666,0.6666333333333333,0.33336666666666664,-6.148386894011061,-7.937300531086061
117,0.16673333333333332,0.8332666666666666,0.7082916666666667,0.2917083333333333,-5.845814323845168,-7.686228639853561
118,0.16673333333333332,0.8332666666666666,0.74995,0.25005,-5.465948259500781,-7.357863254442567
119,0.16673333333333332,0.8332666666666666,0.7916083333333332,0.20839166666666664,-4.990113142763949,-6.933528816639136
120,0.16673333333333332,0.8332666666666666,0.8332666666666666,0.16673333333333332,-4.390532329298683,-6.38544868210726
121,0.16673333333333332,0.8332666666666666,0.874925,0.125075,-3.623566751779009,-5.669983783520988
122,0.16673333333333332,0.8332666666666666,0.9165833333333333,0.08341666666666667,-2.6132773226089565,-4.711195033284328
123,0.16673333333333332,0.8332666666666666,0.9582416666666667,0.041758333333333335,-1.1973346638429074,-3.346753053451678
124,0.16673333333333332,0.8332666666666666,0.9999,0.0001,1.38399392927451,-0.8169251392676546
125,0.20839166666666664,0.7916083333333332,0.0001,0.9999,0.6042407443642901,-1.0776980267321272
126,0.20839166666666664,0.7916083333333332,0.041758333333333335,0.9582416666666667,-1.8350469774286875,-3.585653320436306
127,0.20839166666666664,0.7916083333333332,0.08341666666666667,0.9165833333333333,-3.108948764870295,-4.928222679789099
128,0.20839166666666664,0.7916083333333332,0.125075,0.874925,-3.9771973227159094,-5.865138809545913
129,0.20839166666666664,0.7916083333333332,0.16673333333333332,0.8332666666666666,-4.60212202891114,-6.558731087652339
130,0.20839166666666664,0.7916083333333332,0.20839166666666664,0.7916083333333332,-5.05966197105197,-7.084938601704357
131,0.20839166666666664,0.7916083333333332,0.25005,0.74995,-5.393456216464358,-7.4874004190279475
132,0.20839166666666664,0.7916083333333332,0.2917083333333333,0.7082916666666667,-5.6312814094843056,-7.793893183959085
133,0.20839166666666664,0.7916083333333332,0.33336666666666664,0.6666333333333333,-5.791813108325748,-8.023092454711733
134,0.20839166666666664,0.7916083333333332,0.375025,0.624975,-5.887907977242737,-8.187854895539912
135,0.20839166666666664,0.7916083333333332,0.4166833333333333,0.5833166666666666,-5.928365276912011,-8.296979767120384
136,0.20839166666666664,0.7916083333333332,0.45834166666666665,0.5416583333333334,-5.918925274753629,-8.356207336873197
137,0.20839166666666664,0.7916083333333332,0.5,0.5,-5.862837393902527,-8.368787027933292
138,0.20839166666666664,0.7916083333333332,0.5416583333333334,0.45834166666666665,-5.761154378764186,-8.335771584706134
139,0.20839166666666664,0.7916083333333332,0.5833166666666666,0.4166833333333333,-5.612823484933109,-8.256108262786261
140,0.20839166666666664,0.7916083333333332,0.624975,0.375025,-5.414595289274377,-8.126547639038732
141,0.20839166666666664,0.7916083333333332,0.6666333333333333,0.33336666666666664,-5.1607295243679445,-7.941349446043492
142,0.20839166666666664,0.7916083333333332,0.7082916666666667,0.2917083333333333,-4.842426929537048,-7.691714423123781
143,0.20839166666666664,0.7916083333333332,0.74995,0.25005,-4.446830840527646,-7.364785906025575
144,0.20839166666666664,0.7916083333333332,0.7916083333333332,0.20839166666666664,-3.9552656991257997,-6.941888336534932
145,0.20839166666666664,0.7916083333333332,0.8332666666666666,0.16673333333333332,-3.3399548609955225,-6.3952450703158465
146,0.20839166666666664,0.7916083333333332,0.874925,0.125075,-2.5572592588108414,-5.681217040042364
147,0.20839166666666664,0.7916083333333332,0.9165833333333333,0.08341666666666667,-1.5312398049757796,-4.7238651581184925
148,0.20839166666666664,0.7916083333333332,0.9582416666666667,0.041758333333333335,-0.09956712154472314,-3.3608600465986314
149,0.20839166666666664,0.7916083333333332,0.9999,0.0001,2.497491496237707,-0.832469000727397
150,0.25005,0.74995,0.0001,0.9999,1.429255081373464,-1.0587570486849336
151,0.25005,0.74995,0.041758333333333335,0.9582416666666667,-0.9943026157545027,-3.5681492107019013
152,0.25005,0.74995,0.08341666666666667,0.9165833333333333,-2.2524743785311045,-4.912155438367483
153,0.25005,0.74995,0.125075,0.874925,-3.1049929117117117,-5.850508436437086
154,0.25005,0.74995,0.16673333333333332,0.8332666666666666,-3.714187593241924,-6.545537582856302
155,0.25005,0.74995,0.20839166666666664,0.7916083333333332,-4.1559975107177465,-7.073181965221107
156,0.25005,0.74995,0.25005,0.74995,-4.47406173146512,-7.477080650857488
157,0.25005,0.74995,0.2917083333333333,0.7082916666666667,-4.696156899820064,-7.785010284101413
158,0.25005,0.74995,0.33336666666666664,0.6666333333333333,-4.840958573996506,-8.015646423166853
159,0.25005,0.74995,0.375025,0.624975,-4.92132341824848,-8.18184573230782
160,0.25005,0.74995,0.4166833333333333,0.5833166666666666,-4.946050693252747,-8.29240747220108
161,0.25005,0.74995,0.45834166666666665,0.5416583333333334,-4.920880666429358,-8.353071910266683
162,0.25005,0.74995,0.5,0.5,-4.849062760913242,-8.367088469639567
163,0.25005,0.74995,0.5416583333333334,0.45834166666666665,-4.731649721109886,-8.335509894725197
164,0.25005,0.74995,0.5833166666666666,0.4166833333333333,-4.567588802613805,-8.257283441118116
165,0.25005,0.74995,0.624975,0.375025,-4.3536305822900765,-8.129159685683373
166,0.25005,0.74995,0.6666333333333333,0.33336666666666664,-4.084034792718615,-7.945398361000922
167,0.25005,0.74995,0.7082916666666667,0.2917083333333333,-3.750002173222704,-7.697200206394
168,0.25005,0.74995,0.74995,0.25005,-3.3386760595482983,-7.371708557608583
169,0.25005,0.74995,0.7916083333333332,0.20839166666666664,-2.831380893481448,-6.95024785643073
170,0.25005,0.74995,0.8332666666666666,0.16673333333333332,-2.2003400306861565,-6.405041458524433
171,0.25005,0.74995,0.874925,0.125075,-1.401914403836475,-5.69245029656374
172,0.25005,0.74995,0.9165833333333333,0.08341666666666667,-0.3601649253363952,-4.736535282952657
173,0.25005,0.74995,0.9582416666666667,0.041758333333333335,1.0872377827596615,-3.3749670397455853
174,0.25005,0.74995,0.9999,0.0001,3.7000264252071116,-0.8480128621871392
175,0.2917083333333333,0.7082916666666667,0.0001,0.9999,2.315530136052857,-1.0398160706377395
176,0.2917083333333333,0.7082916666666667,0.041758333333333335,0.9582416666666667,-0.09229753641010774,-3.550645100967497
177,0.2917083333333333,0.7082916666666667,0.08341666666666667,0.9165833333333333,-1.3347392745216844,-4.896088196945867
178,0.2917083333333333,0.7082916666666667,0.125075,0.874925,-2.171527783037291,-5.835878063328259
179,0.2917083333333333,0.7082916666666667,0.16673333333333332,0.8332666666666666,-2.7649924399024997,-6.532344078060264
180,0.2917083333333333,0.7082916666666667,0.20839166666666664,0.7916083333333332,-3.1910723327133006,-7.061425328737858
181,0.2917083333333333,0.7082916666666667,0.25005,0.74995,-3.4934065287956706,-7.466760882687028
182,0.2917083333333333,0.7082916666666667,0.2917083333333333,0.7082916666666667,-3.6997716724856033,-7.776127384243742
183,0.2917083333333333,0.7082916666666667,0.33336666666666664,0.6666333333333333,-3.8288433219970344,-8.00820039162197
184,0.2917083333333333,0.7082916666666667,0.375025,0.624975,-3.8934781415840014,-8.175836569075729
185,0.2917083333333333,0.7082916666666667,0.4166833333333333,0.5833166666666666,-3.9024753919232538,-8.287835177281774
186,0.2917083333333333,0.7082916666666667,0.45834166666666665,0.5416583333333334,-3.8615753404348503,-8.34993648366017
187,0.2917083333333333,0.7082916666666667,0.5,0.5,-3.774027410253737,-8.36538991134584
188,0.2917083333333333,0.7082916666666667,0.5416583333333334,0.45834166666666665,-3.6408843457853663,-8.33524820474426
189,0.2917083333333333,0.7082916666666667,0.5833166666666666,0.4166833333333333,-3.461093402624268,-8.258458619449968
190,0.2917083333333333,0.7082916666666667,0.624975,0.375025,-3.2314051576355247,-8.131771732328012
191,0.2917083333333333,0.7082916666666667,0.6666333333333333,0.33336666666666664,-2.9460793433990666,-7.9494472759583505
192,0.2917083333333333,0.7082916666666667,0.7082916666666667,0.2917083333333333,-2.596316699238148,-7.702685989664219
193,0.2917083333333333,0.7082916666666667,0.74995,0.25005,-2.1692605608987314,-7.378631209191592
194,0.2917083333333333,0.7082916666666667,0.7916083333333332,0.20839166666666664,-1.646235370166874,-6.958607376326526
195,0.2917083333333333,0.7082916666666667,0.8332666666666666,0.16673333333333332,-0.9994644827065748,-6.414837846733019
196,0.2917083333333333,0.7082916666666667,0.874925,0.125075,-0.18530883119187536,-5.703683553085115
197,0.2917083333333333,0.7082916666666667,0.9165833333333333,0.08341666666666667,0.8721706719732119,-4.749205407786821
198,0.2917083333333333,0.7082916666666667,0.9582416666666667,0.041758333333333335,2.3353034047342867,-3.3890740328925393
199,0.2917083333333333,0.7082916666666667,0.9999,0.0001,4.963822071846742,-0.8635567236468815
200,0.33336666666666664,0.6666333333333333,0.0001,0.9999,3.244390350188521,-1.0208750925905452
201,0.33336666666666664,0.6666333333333333,0.041758333333333335,0.9582416666666667,0.852292702390578,-3.5331409912330916
202,0.33336666666666664,0.6666333333333333,0.08341666666666667,0.9165833333333333,-0.37441901105600195,-4.880020955524252
203,0.33336666666666664,0.6666333333333333,0.125075,0.874925,-1.1954774949065872,-5.821247690219432
204,0.33336666666666664,0.6666333333333333,0.16673333333333332,0.8332666666666666,-1.7732121271067847,-6.519150573264226
205,0.33336666666666664,0.6666333333333333,0.20839166666666664,0.7916083333333332,-2.183561995252578,-7.04966869225461
206,0.33336666666666664,0.6666333333333333,0.25005,0.74995,-2.4701661666699444,-7.4564411145165685
207,0.33336666666666664,0.6666333333333333,0.2917083333333333,0.7082916666666667,-2.660801285694859,-7.767244484386071
208,0.33336666666666664,0.6666333333333333,0.33336666666666664,0.6666333333333333,-2.7741429105412827,-8.00075436007709
209,0.33336666666666664,0.6666333333333333,0.375025,0.624975,-2.8230477054632424,-8.169827405843638
210,0.33336666666666664,0.6666333333333333,0.4166833333333333,0.5833166666666666,-2.81631493113748,-8.283262882362472
211,0.33336666666666664,0.6666333333333333,0.45834166666666665,0.5416583333333334,-2.7596848549840765,-8.346801057053653
212,0.33336666666666664,0.6666333333333333,0.5,0.5,-2.656406900137945,-8.363691353052115
213,0.33336666666666664,0.6666333333333333,0.5416583333333334,0.45834166666666665,-2.5075338110045635,-8.334986514763324
214,0.33336666666666664,0.6666333333333333,0.5833166666666666,0.4166833333333333,-2.3120128431784615,-8.25963379778182
215,0.33336666666666664,0.6666333333333333,0.624975,0.375025,-2.0665945735247107,-8.134383778972653
216,0.33336666666666664,0.6666333333333333,0.6666333333333333,0.33336666666666664,-1.7655387346232416,-7.95349619091578
217,0.33336666666666664,0.6666333333333333,0.7082916666666667,0.2917083333333333,-1.400046065797305,-7.708171772934438
218,0.33336666666666664,0.6666333333333333,0.74995,0.25005,-0.9572599027928881,-7.3855538607746
219,0.33336666666666664,0.6666333333333333,0.7916083333333332,0.20839166666666664,-0.418504687396009,-6.966966896222323
220,0.33336666666666664,0.6666333333333333,0.8332666666666666,0.16673333333333332,0.2439962247292975,-6.424634234941605
221,0.33336666666666664,0.6666333333333333,0.874925,0.125075,1.073881900909008,-5.714916809606491
222,0.33336666666666664,0.6666333333333333,0.9165833333333333,0.08341666666666667,2.1470914287390954,-4.7618755326209845
223,0.33336666666666664,0.6666333333333333,0.9582416666666667,0.041758333333333335,3.625954186165181,-3.403181026039493
224,0.33336666666666664,0.6666333333333333,0.9999,0.0001,6.270202877942648,-0.8791005851066234
225,0.375025,0.624975,0.0001,0.9999,4.2029790595264345,-1.001934114543351
226,0.375025,0.624975,0.041758333333333335,0.9582416666666667,1.8266114363934989,-3.515636881498687
227,0.375025,0.624975,0.08341666666666667,0.9165833333333333,0.6156297476119263,-4.863953714102636
228,0.375025,0.624975,0.125075,0.874925,-0.18969871157365503,-5.8066173171106055
229,0.375025,0.624975,0.16673333333333332,0.8332666666666666,-0.7517033191088451,-6.505957068468189
230,0.375025,0.624975,0.20839166666666664,0.7916083333333332,-1.1463231625896313,-7.037912055771361
231,0.375025,0.624975,0.25005,0.74995,-1.4171973093419794,-7.446121346346109
232,0.375025,0.624975,0.2917083333333333,0.7082916666666667,-1.5921024037018903,-7.7583615845284
233,0.375025,0.624975,0.33336666666666664,0.6666333333333333,-1.6897140038832994,-7.993308328532208
234,0.375025,0.624975,0.375025,0.624975,-1.722888774140248,-8.163818242611544
235,0.375025,0.624975,0.4166833333333333,0.5833166666666666,-1.700425975149475,-8.278690587443167
236,0.375025,0.624975,0.45834166666666665,0.5416583333333334,-1.6280658743310639,-8.34366563044714
237,0.375025,0.624975,0.5,0.5,-1.5090578948199145,-8.361992794758388
238,0.375025,0.624975,0.5416583333333334,0.45834166666666665,-1.3444547810215326,-8.334724824782386
239,0.375025,0.624975,0.5833166666666666,0.4166833333333333,-1.1332037885304196,-8.260808976113672
240,0.375025,0.624975,0.624975,0.375025,-0.8720554942116543,-8.136995825617294
241,0.375025,0.624975,0.6666333333333333,0.33336666666666664,-0.5552696306451743,-7.957545105873211
242,0.375025,0.624975,0.7082916666666667,0.2917083333333333,-0.17404693715423747,-7.713657556204657
243,0.375025,0.624975,0.74995,0.25005,0.284469250515194,-7.392476512357608
244,0.375025,0.624975,0.7916083333333332,0.20839166666666664,0.8389544905770769,-6.97532641611812
245,0.375025,0.624975,0.8332666666666666,0.16673333333333332,1.5171854273673908,-6.434430623150192
246,0.375025,0.624975,0.874925,0.125075,2.362801128212112,-5.726150066127866
247,0.375025,0.624975,0.9165833333333333,0.08341666666666667,3.4517406807072213,-4.774545657455149
248,0.375025,0.624975,0.9582416666666667,0.041758333333333335,4.946333462798314,-3.4172880191864468
249,0.375025,0.624975,0.9999,0.0001,7.606312179240788,-0.8946444465663659
250,0.4166833333333333,0.5833166666666666,0.0001,0.9999,5.182497003389827,-0.9829931364961568
251,0.4166833333333333,0.5833166666666666,0.041758333333333335,0.9582416666666667,2.821859404921902,-3.4981327717642823
252,0.4166833333333333,0.5833166666666666,0.08341666666666667,0.9165833333333333,1.6266077408053476,-4.8478864726810205
253,0.4166833333333333,0.5833166666666666,0.125075,0.874925,0.8370093062847843,-5.7919869440017795
254,0.4166833333333333,0.5833166666666666,0.16673333333333332,0.8332666666666666,0.29073472341459805,-6.492763563672152
255,0.4166833333333333,0.5833166666666666,0.20839166666666664,0.7916083333333332,-0.08815509540117716,-7.026155419288112
256,0.4166833333333333,0.5833166666666666,0.25005,0.74995,-0.34329921748851433,-7.435801578175649
257,0.4166833333333333,0.5833166666666666,0.2917083333333333,0.7082916666666667,-0.5024742871834142,-7.749478684670728
258,0.4166833333333333,0.5833166666666666,0.33336666666666664,0.6666333333333333,-0.5843558626998195,-7.985862296987326
259,0.4166833333333333,0.5833166666666666,0.375025,0.624975,-0.6018006082917644,-8.15780907937945
260,0.4166833333333333,0.5833166666666666,0.4166833333333333,0.5833166666666666,-0.5636077846359804,-8.274118292523863
261,0.4166833333333333,0.5833166666666666,0.45834166666666665,0.5416583333333334,-0.4755176591525583,-8.340530203840625
262,0.4166833333333333,0.5833166666666666,0.5,0.5,-0.34077965497639795,-8.360294236464663
263,0.4166833333333333,0.5833166666666666,0.5416583333333334,0.45834166666666665,-0.16044651651300512,-8.33446313480145
264,0.4166833333333333,0.5833166666666666,0.5833166666666666,0.4166833333333333,0.06653450064311883,-8.261984154445525
265,0.4166833333333333,0.5833166666666666,0.624975,0.375025,0.34341281962688797,-8.139607872261937
266,0.4166833333333333,0.5833166666666666,0.6666333333333333,0.33336666666666664,0.675928707858386,-7.961594020830642
267,0.4166833333333333,0.5833166666666666,0.7082916666666667,0.2917083333333333,1.0728814260143267,-7.7191433394748765
268,0.4166833333333333,0.5833166666666666,0.74995,0.25005,1.547127638348769,-7.3993991639406165
269,0.4166833333333333,0.5833166666666666,0.7916083333333332,0.20839166666666664,2.11734290307567,-6.9836859360139165
270,0.4166833333333333,0.5833166666666666,0.8332666666666666,0.16673333333333332,2.811303864530995,-6.444227011358778
271,0.4166833333333333,0.5833166666666666,0.874925,0.125075,3.67264959004072,-5.737383322649242
272,0.4166833333333333,0.5833166666666666,0.9165833333333333,0.08341666666666667,4.777319167200837,-4.787215782289312
273,0.4166833333333333,0.5833166666666666,0.9582416666666667,0.041758333333333335,5.612299116476088,-3.4313950123334003
274,0.4166833333333333,0.5833166666666666,0.9999,0.0001,7.245939556960444,-0.9101883080261082
275,0.45834166666666665,0.5416583333333334,0.0001,0.9999,6.177203914358669,-0.964052158448963
276,0.45834166666666665,0.5416583333333334,0.041758333333333335,0.9582416666666667,3.8322963405557466,-3.4806286620298774
277,0.45834166666666665,0.5416583333333334,0.08341666666666667,0.9165833333333333,2.6527747011041924,-4.831819231259406
278,0.45834166666666665,0.5416583333333334,0.125075,0.874925,1.8789062912486472,-5.777356570892953
279,0.45834166666666665,0.5416583333333334,0.16673333333333332,0.8332666666666666,1.3483617330434612,-6.4795700588761145
280,0.45834166666666665,0.5416583333333334,0.20839166666666664,0.7916083333333332,0.9852019388926969,-7.014398782804864
281,0.45834166666666665,0.5416583333333334,0.25005,0.74995,0.7457878414703707,-7.4254818100051905
282,0.45834166666666665,0.5416583333333334,0.2917083333333333,0.7082916666666667,0.6023427964404817,-7.740595784813058
283,0.45834166666666665,0.5416583333333334,0.33336666666666664,0.6666333333333333,0.5361912455890909,-7.978416265442446
284,0.45834166666666665,0.5416583333333334,0.375025,0.624975,0.534476524662157,-8.151799916147361
285,0.45834166666666665,0.5416583333333334,0.4166833333333333,0.5833166666666666,0.5883993729829484,-8.26954599760456
286,0.45834166666666665,0.5416583333333334,0.45834166666666665,0.5416583333333334,0.6922195231313815,-8.33739477723411
287,0.45834166666666665,0.5416583333333334,0.5,0.5,0.8426875519725421,-8.358595678170937
288,0.45834166666666665,0.5416583333333334,0.5416583333333334,0.45834166666666665,1.038750715100953,-8.334201444820515
289,0.45834166666666665,0.5416583333333334,0.5833166666666666,0.4166833333333333,1.2814617569220843,-8.263159332777377
290,0.45834166666666665,0.5416583333333334,0.624975,0.375025,1.574070100570868,-8.142219918906576
291,0.45834166666666665,0.5416583333333334,0.6666333333333333,0.33336666666666664,1.9223160134673556,-7.965642935788072
292,0.45834166666666665,0.5416583333333334,0.7082916666666667,0.2917083333333333,2.334998756288318,-7.724629122745096
293,0.45834166666666665,0.5416583333333334,0.74995,0.25005,2.824974993287775,-7.406321815523626
294,0.45834166666666665,0.5416583333333334,0.7916083333333332,0.20839166666666664,3.410920282679683,-6.9920454559097145
295,0.45834166666666665,0.5416583333333334,0.8332666666666666,0.16673333333333332,3.99373789290118,-6.454023399567364
296,0.45834166666666665,0.5416583333333334,0.874925,0.125075,4.493141997564351,-5.748616579170618
297,0.45834166666666665,0.5416583333333334,0.9165833333333333,0.08341666666666667,4.75199779519755,-4.799885907123477
298,0.45834166666666665,0.5416583333333334,0.9582416666666667,0.041758333333333335,5.235982325995543,-3.445502005480355
299,0.45834166666666665,0.5416583333333334,0.9999,0.0001,6.885352791144905,-0.9257321694858508
300,0.5,0.5,0.0001,0.9999,7.183850369297998,-0.9451111804017689
301,0.5,0.5,0.041758333333333335,0.9582416666666667,4.85467282016009,-3.4631245522954726
302,0.5,0.5,0.08341666666666667,0.9165833333333333,3.6908812053735467,-4.815751989837789
303,0.5,0.5,0.125075,0.874925,2.932742820183009,-5.762726197784126
304,0.5,0.5,0.16673333333333332,0.8332666666666666,2.4179282866428444,-6.466376554080076
305,0.5,0.5,0.20839166666666664,0.7916083333333332,2.0704985171570804,-7.002642146321614
306,0.5,0.5,0.25005,0.74995,1.8468144443997545,-7.41516204183473
307,0.5,0.5,0.2917083333333333,0.7082916666666667,1.71909942403488,-7.731712884955385
308,0.5,0.5,0.33336666666666664,0.6666333333333333,1.668677897848493,-7.970970233897564
309,0.5,0.5,0.375025,0.624975,1.6826932015865772,-8.145790752915268
310,0.5,0.5,0.4166833333333333,0.5833166666666666,1.752346074572376,-8.264973702685255
311,0.5,0.5,0.45834166666666665,0.5416583333333334,1.8718962493858164,-8.334259350627596
312,0.5,0.5,0.5,0.5,2.0380943028919987,-8.35689711987721
313,0.5,0.5,0.5416583333333334,0.45834166666666665,2.2498874906854063,-8.333939754839577
314,0.5,0.5,0.5833166666666666,0.4166833333333333,2.207832152577577,-8.26433451110923
315,0.5,0.5,0.624975,0.375025,2.138498875379799,-8.144831965551218
316,0.5,0.5,0.6666333333333333,0.33336666666666664,2.1248031674297323,-7.969691850745502
317,0.5,0.5,0.7082916666666667,0.2917083333333333,2.175544289404133,-7.730114906015316
318,0.5,0.5,0.74995,0.25005,2.303578905557014,-7.413244467106634
319,0.5,0.5,0.7916083333333332,0.20839166666666664,2.527582574102361,-7.000404975805512
320,0.5,0.5,0.8332666666666666,0.16673333333333332,2.8753319393761423,-6.463819787775951
321,0.5,0.5,0.874925,0.125075,3.3904660687043133,-5.759849835691994
322,0.5,0.5,0.9165833333333333,0.08341666666666667,4.1489240496828685,-4.812556031957642
323,0.5,0.5,0.9582416666666667,0.041758333333333335,4.871605079485505,-3.459608998627309
324,0.5,0.5,0.9999,0.0001,6.536705569299874,-0.9412760309455932
325,0.5416583333333334,0.45834166666666665,0.0001,0.9999,7.931593199206356,-0.9261702023545748
326,0.5416583333333334,0.45834166666666665,0.041758333333333335,0.9582416666666667,5.7060315793102525,-3.4456204425610677
327,0.5416583333333334,0.45834166666666665,0.08341666666666667,0.9165833333333333,4.645855893765521,-4.799684748416174
328,0.5416583333333334,0.45834166666666665,0.125075,0.874925,3.991333437816781,-5.7480958246753
329,0.5416583333333334,0.45834166666666665,0.16673333333333332,0.8332666666666666,3.498381639807235,-6.453183049284039
330,0.5416583333333334,0.45834166666666665,0.20839166666666664,0.7916083333333332,3.1666818949864854,-6.990885509838366
331,0.5416583333333334,0.45834166666666665,0.25005,0.74995,2.958727846894181,-7.404842273664271
332,0.5416583333333334,0.45834166666666665,0.2917083333333333,0.7082916666666667,2.7502950634167576,-7.7228299850977145
333,0.5416583333333334,0.45834166666666665,0.33336666666666664,0.6666333333333333,2.3379319163838197,-7.9635242023526835
334,0.5416583333333334,0.45834166666666665,0.375025,0.624975,1.9900055992753352,-8.139781589683178
335,0.5416583333333334,0.45834166666666665,0.4166833333333333,0.5833166666666666,1.6977168514145724,-8.260401407765952
336,0.5416583333333334,0.45834166666666665,0.45834166666666665,0.5416583333333334,1.4553254053814477,-8.331123924021082
337,0.5416583333333334,0.45834166666666665,0.5,0.5,1.2595818380410542,-8.355198561583485
338,0.5416583333333334,0.45834166666666665,0.5416583333333334,0.45834166666666665,1.1094334049879073,-8.33367806485864
339,0.5416583333333334,0.45834166666666665,0.5833166666666666,0.4166833333333333,1.0059328506274952,-8.265509689441084
340,0.5416583333333334,0.45834166666666665,0.624975,0.375025,0.9523295980947175,-8.147444012195859
341,0.5416583333333334,0.45834166666666665,0.6666333333333333,0.33336666666666664,0.9543639148096688,-7.973740765702932
342,0.5416583333333334,0.45834166666666665,0.7082916666666667,0.2917083333333333,1.0208350614490769,-7.735600689285535
343,0.5416583333333334,0.45834166666666665,0.74995,0.25005,1.1645997022669725,-7.420167118689642
344,0.5416583333333334,0.45834166666666665,0.7916083333333332,0.20839166666666664,1.4043333954773232,-7.008764495701309
345,0.5416583333333334,0.45834166666666665,0.8332666666666666,0.16673333333333332,1.7678127854161048,-6.473616175984537
346,0.5416583333333334,0.45834166666666665,0.874925,0.125075,2.2986769394092974,-5.771083092213369
347,0.5416583333333334,0.45834166666666665,0.9165833333333333,0.08341666666666667,3.07286494505286,-4.825226156791805
348,0.5416583333333334,0.45834166666666665,0.9582416666666667,0.041758333333333335,4.2527061802924315,-3.473715991774263
349,0.5416583333333334,0.45834166666666665,0.9999,0.0001,6.198945147019865,-0.9568198924053353
350,0.5833166666666666,0.4166833333333333,0.0001,0.9999,8.683039237833093,-0.9072292243073807
351,0.5833166666666666,0.4166833333333333,0.041758333333333335,0.9582416666666667,6.473207642601999,-3.428116332826663
352,0.5833166666666666,0.4166833333333333,0.08341666666666667,0.9165833333333333,5.153064895028553,-4.783617506994558
353,0.5833166666666666,0.4166833333333333,0.125075,0.874925,4.048714913656443,-5.733465451566474
354,0.5833166666666666,0.4166833333333333,0.16673333333333332,0.8332666666666666,3.1876887839347283,-6.439989544488003
355,0.5833166666666666,0.4166833333333333,0.20839166666666664,0.7916083333333332,2.494047418267421,-6.979128873355117
356,0.5833166666666666,0.4166833333333333,0.25005,0.74995,1.9241517493285514,-7.394522505493812
357,0.5833166666666666,0.4166833333333333,0.2917083333333333,0.7082916666666667,1.4502251327821192,-7.713947085240044
358,0.5833166666666666,0.4166833333333333,0.33336666666666664,0.6666333333333333,1.0535920104141852,-7.956078170807801
359,0.5833166666666666,0.4166833333333333,0.375025,0.624975,0.7213957179707116,-8.133772426451085
360,0.5833166666666666,0.4166833333333333,0.4166833333333333,0.5833166666666666,0.4448369947749491,-8.255829112846648
361,0.5833166666666666,0.4166833333333333,0.45834166666666665,0.5416583333333334,0.21817557340685312,-8.32798849741457
362,0.5833166666666666,0.4166833333333333,0.5,0.5,0.038162030731466956,-8.35350000328976
363,0.5833166666666666,0.4166833333333333,0.5416583333333334,0.45834166666666665,-0.0962563776566725,-8.333416374877704
364,0.5833166666666666,0.4166833333333333,0.5833166666666666,0.4166833333333333,-0.18402690735208083,-8.266684867772936
365,0.5833166666666666,0.4166833333333333,0.624975,0.375025,-0.22190013521985108,-8.150056058840502
366,0.5833166666666666,0.4166833333333333,0.6666333333333333,0.33336666666666664,-0.20413579383988534,-7.977789680660363
367,0.5833166666666666,0.4166833333333333,0.7082916666666667,0.2917083333333333,-0.12193462253548049,-7.741086472555754
368,0.5833166666666666,0.4166833333333333,0.74995,0.25005,0.037560042947436756,-7.427089770272651
369,0.5833166666666666,0.4166833333333333,0.7916083333333332,0.20839166666666664,0.2930237608228019,-7.017124015597105
370,0.5833166666666666,0.4166833333333333,0.8332666666666666,0.16673333333333332,0.6722331754265838,-6.483412564193124
371,0.5833166666666666,0.4166833333333333,0.874925,0.125075,1.2188273540847803,-5.782316348734745
372,0.5833166666666666,0.4166833333333333,0.9165833333333333,0.08341666666666667,2.008745384393375,-4.837896281625969
373,0.5833166666666666,0.4166833333333333,0.9582416666666667,0.041758333333333335,3.2043166442979363,-3.4878229849212166
374,0.5833166666666666,0.4166833333333333,0.9999,0.0001,5.565273838553878,-0.9723637538650776
375,0.624975,0.375025,0.0001,0.9999,7.943466115131805,-0.8882882462601867
376,0.624975,0.375025,0.041758333333333335,0.9582416666666667,5.283806994477352,-3.410612223092258
377,0.624975,0.375025,0.08341666666666667,0.9165833333333333,3.78953380817428,-4.767550265572943
378,0.624975,0.375025,0.125075,0.874925,2.700913851467181,-5.718835078457646
379,0.624975,0.375025,0.16673333333333332,0.8332666666666666,1.8556177464104806,-6.426796039691965
380,0.624975,0.375025,0.20839166666666664,0.7916083333333332,1.177706405408177,-6.967372236871869
381,0.624975,0.375025,0.25005,0.74995,0.6235407611343078,-7.384202737323353
382,0.624975,0.375025,0.2917083333333333,0.7082916666666667,0.16534416925288653,-7.705064185382373
383,0.624975,0.375025,0.33336666666666664,0.6666333333333333,-0.215558928450033,-7.948632139262921
384,0.624975,0.375025,0.375025,0.624975,-0.5320251962284921,-8.127763263218993
385,0.624975,0.375025,0.4166833333333333,0.5833166666666666,-0.7928538947592436,-8.251256817927345
386,0.624975,0.375025,0.45834166666666665,0.5416583333333334,-1.0037852914623429,-8.324853070808054
387,0.624975,0.375025,0.5,0.5,-1.168068809472718,-8.351801444996035
388,0.624975,0.375025,0.5416583333333334,0.45834166666666665,-1.2867571931958395,-8.333154684896767
389,0.624975,0.375025,0.5833166666666666,0.4166833333333333,-1.3587976982262404,-8.267860046104788
390,0.624975,0.375025,0.624975,0.375025,-1.380940901428989,-8.15266810548514
391,0.624975,0.375025,0.6666333333333333,0.33336666666666664,-1.3474465353840266,-7.981838595617793
392,0.624975,0.375025,0.7082916666666667,0.2917083333333333,-1.2495153394146001,-7.746572255825973
393,0.624975,0.375025,0.74995,0.25005,-1.0742906492666826,-7.434012421855659
394,0.624975,0.375025,0.7916083333333332,0.20839166666666664,-0.8030969067263101,-7.025483535492903
395,0.624975,0.375025,0.8332666666666666,0.16673333333333332,-0.40815746745751014,-6.4932089524017105
396,0.624975,0.375025,0.874925,0.125075,0.15416673586568663,-5.79354960525612
397,0.624975,0.375025,0.9165833333333333,0.08341666666666667,0.9598147908392889,-4.850566406460134
398,0.624975,0.375025,0.9582416666666667,0.041758333333333335,2.1711160754088716,-3.5019299780681705
399,0.624975,0.375025,0.9999,0.0001,4.5478032943298246,-0.98790761532482
400,0.6666333333333333,0.33336666666666664,0.0001,0.9999,6.569404213473021,-0.8693472682129926
401,0.6666333333333333,0.33336666666666664,0.041758333333333335,0.9582416666666667,3.9254751174835683,-3.3931081133578536
402,0.6666333333333333,0.33336666666666664,0.08341666666666667,0.9165833333333333,2.4469319558455,-4.751483024151327
403,0.6666333333333333,0.33336666666666664,0.125075,0.874925,1.3740420238034226,-5.704204705348819
404,0.6666333333333333,0.33336666666666664,0.16673333333333332,0.8332666666666666,0.544475943411733,-6.413602534895928
405,0.6666333333333333,0.33336666666666664,0.20839166666666664,0.7916083333333332,-0.11770537292557393,-6.9556156003886205
406,0.6666333333333333,0.33336666666666664,0.25005,0.74995,-0.6561409925344215,-7.373882969152892
407,0.6666333333333333,0.33336666666666664,0.2917083333333333,0.7082916666666667,-1.0986075597508353,-7.696181285524702
408,0.6666333333333333,0.33336666666666664,0.33336666666666664,0.6666333333333333,-1.463780632788744,-7.941186107718039
409,0.6666333333333333,0.33336666666666664,0.375025,0.624975,-1.7645168759022027,-8.1217540999869
410,0.6666333333333333,0.33336666666666664,0.4166833333333333,0.5833166666666666,-2.0096155497679327,-8.246684523008039
411,0.6666333333333333,0.33336666666666664,0.45834166666666665,0.5416583333333334,-2.204816921806035,-8.321717644201538
412,0.6666333333333333,0.33336666666666664,0.5,0.5,-2.3533704151513923,-8.350102886702308
413,0.6666333333333333,0.33336666666666664,0.5416583333333334,0.45834166666666665,-2.45632877420951,-8.33289299491583
414,0.6666333333333333,0.33336666666666664,0.5833166666666666,0.4166833333333333,-2.5126392545748963,-8.26903522443664
415,0.6666333333333333,0.33336666666666664,0.624975,0.375025,-2.5190524331126376,-8.155280152129782
416,0.6666333333333333,0.33336666666666664,0.6666333333333333,0.33336666666666664,-2.4698280424026677,-7.985887510575223
417,0.6666333333333333,0.33336666666666664,0.7082916666666667,0.2917083333333333,-2.356166821768227,-7.752058039096193
418,0.6666333333333333,0.33336666666666664,0.74995,0.25005,-2.165212106955302,-7.440935073438666
419,0.6666333333333333,0.33336666666666664,0.7916083333333332,0.20839166666666664,-1.878288339749922,-7.033843055388699
420,0.6666333333333333,0.33336666666666664,0.8332666666666666,0.16673333333333332,-1.467618875816104,-6.503005340610296
421,0.6666333333333333,0.33336666666666664,0.874925,0.125075,-0.8895646478278891,-5.804782861777496
422,0.6666333333333333,0.33336666666666664,0.9165833333333333,0.08341666666666667,-0.06818656818930435,-4.863236531294298
423,0.6666333333333333,0.33336666666666664,0.9582416666666667,0.041758333333333335,1.1588447410453,-3.5160369712151245
424,0.6666333333333333,0.33336666666666664,0.9999,0.0001,3.5512619846312568,-1.0034514767845624
425,0.7082916666666667,0.2917083333333333,0.0001,0.9999,5.225070807016454,-0.8504062901657985
426,0.7082916666666667,0.2917083333333333,0.041758333333333335,0.9582416666666667,2.596871735692023,-3.3756040036234487
427,0.7082916666666667,0.2917083333333333,0.08341666666666667,0.9165833333333333,1.1340585987189513,-4.735415782729712
428,0.7082916666666667,0.2917083333333333,0.125075,0.874925,0.07689869134188854,-5.689574332239993
429,0.7082916666666667,0.2917083333333333,0.16673333333333332,0.8332666666666666,-0.7369373643848078,-6.40040903009989
430,0.7082916666666667,0.2917083333333333,0.20839166666666664,0.7916083333333332,-1.383388656057079,-6.943858963905372
431,0.7082916666666667,0.2917083333333333,0.25005,0.74995,-1.9060942510009262,-7.363563200982433
432,0.7082916666666667,0.2917083333333333,0.2917083333333333,0.7082916666666667,-2.3328307935523256,-7.687298385667031
433,0.7082916666666667,0.2917083333333333,0.33336666666666664,0.6666333333333333,-2.6822738419252303,-7.933740076173159
434,0.7082916666666667,0.2917083333333333,0.375025,0.624975,-2.9672800603736746,-8.115744936754808
435,0.7082916666666667,0.2917083333333333,0.4166833333333333,0.5833166666666666,-3.1966487095744043,-8.242112228088736
436,0.7082916666666667,0.2917083333333333,0.45834166666666665,0.5416583333333334,-3.3761200569474816,-8.318582217595026
437,0.7082916666666667,0.2917083333333333,0.5,0.5,-3.508943525627835,-8.34840432840858
438,0.7082916666666667,0.2917083333333333,0.5416583333333334,0.45834166666666665,-3.5961718600209416,-8.332631304934894
439,0.7082916666666667,0.2917083333333333,0.5833166666666666,0.4166833333333333,-3.6367523157213206,-8.270210402768495
440,0.7082916666666667,0.2917083333333333,0.624975,0.375025,-3.6274354695940545,-8.157892198774423
441,0.7082916666666667,0.2917083333333333,0.6666333333333333,0.33336666666666664,-3.5624810542190666,-7.989936425532653
442,0.7082916666666667,0.2917083333333333,0.7082916666666667,0.2917083333333333,-3.433089808919622,-7.7575438223664115
443,0.7082916666666667,0.2917083333333333,0.74995,0.25005,-3.226405069441679,-7.4478577250216755
444,0.7082916666666667,0.2917083333333333,0.7916083333333332,0.20839166666666664,-2.923751277571295,-7.042202575284496
445,0.7082916666666667,0.2917083333333333,0.8332666666666666,0.16673333333333332,-2.4973517889724697,-6.512801728818883
446,0.7082916666666667,0.2917083333333333,0.874925,0.125075,-1.9035675363192546,-5.816016118298872
447,0.7082916666666667,0.2917083333333333,0.9165833333333333,0.08341666666666667,-1.0664594320156375,-4.875906656128462
448,0.7082916666666667,0.2917083333333333,0.9582416666666667,0.041758333333333335,0.17630190188396,-3.5301439643620784
449,0.7082916666666667,0.2917083333333333,0.9999,0.0001,2.5844491701349384,-1.0189953382443047
450,0.74995,0.25005,0.0001,0.9999,3.923322560016162,-0.8314653121186045
451,0.74995,0.25005,0.041758333333333335,0.9582416666666667,1.3108535133567365,-3.358099893889044
452,0.74995,0.25005,0.08341666666666667,0.9165833333333333,-0.13622959895130649,-4.719348541308096
453,0.74995,0.25005,0.125075,0.874925,-1.1776594816633654,-5.674943959131166
454,0.74995,0.25005,0.16673333333333332,0.8332666666666666,-1.9757655127250437,-6.387215525303852
455,0.74995,0.25005,0.20839166666666664,0.7916083333333332,-2.606486779732311,-6.932102327422122
456,0.74995,0.25005,0.25005,0.74995,-3.1134623500111474,-7.353243432811974
457,0.74995,0.25005,0.2917083333333333,0.7082916666666667,-3.5244688678975358,-7.678415485809358
458,0.74995,0.25005,0.33336666666666664,0.6666333333333333,-3.8581818916054367,-7.926294044628277
459,0.74995,0.25005,0.375025,0.624975,-4.127458085388877,-8.109735773522715
460,0.74995,0.25005,0.4166833333333333,0.5833166666666666,-4.341096709924592,-8.237539933169431
461,0.74995,0.25005,0.45834166666666665,0.5416583333333334,-4.504838032632659,-8.31544679098851
462,0.74995,0.25005,0.5,0.5,-4.621931476648005,-8.346705770114855
463,0.74995,0.25005,0.5416583333333334,0.45834166666666665,-4.693429786376097,-8.332369614953958
464,0.74995,0.25005,0.5833166666666666,0.4166833333333333,-4.7182802174114755,-8.271385581100345
465,0.74995,0.25005,0.624975,0.375025,-4.693233346619191,-8.160504245419064
466,0.74995,0.25005,0.6666333333333333,0.33336666666666664,-4.612548906579196,-7.993985340490084
467,0.74995,0.25005,0.7082916666666667,0.2917083333333333,-4.467427636614737,-7.76302960563663
468,0.74995,0.25005,0.74995,0.25005,-4.245012872471786,-7.454780376604684
469,0.74995,0.25005,0.7916083333333332,0.20839166666666664,-3.926629055936388,-7.050562095180293
470,0.74995,0.25005,0.8332666666666666,0.16673333333333332,-3.484499542672559,-6.522598117027469
471,0.74995,0.25005,0.874925,0.125075,-2.8749852653543257,-5.827249374820248
472,0.74995,0.25005,0.9165833333333333,0.08341666666666667,-2.022147136385712,-4.888576780962627
473,0.74995,0.25005,0.9582416666666667,0.041758333333333335,-0.7636557778211,-3.544250957509032
474,0.74995,0.25005,0.9999,0.0001,1.6602215150948805,-1.0345391997040472
475,0.7916083333333332,0.20839166666666664,0.0001,0.9999,2.682835030686114,-0.8125243340714104
476,0.7916083333333332,0.20839166666666664,0.041758333333333335,0.9582416666666667,0.08609600869170642,-3.3405957841546385
477,0.7916083333333332,0.20839166666666664,0.08341666666666667,0.9165833333333333,-1.3452570789513452,-4.703281299886481
478,0.7916083333333332,0.20839166666666664,0.125075,0.874925,-2.370956936998393,-5.66031358602234
479,0.7916083333333332,0.20839166666666664,0.16673333333333332,0.8332666666666666,-3.1533329433950534,-6.374022020507816
480,0.7916083333333332,0.20839166666666664,0.20839166666666664,0.7916083333333332,-3.7683241857373133,-6.920345690938874
481,0.7916083333333332,0.20839166666666664,0.25005,0.74995,-4.259569731351153,-7.342923664641514
482,0.7916083333333332,0.20839166666666664,0.2917083333333333,0.7082916666666667,-4.654846224572527,-7.669532585951688
483,0.7916083333333332,0.20839166666666664,0.33336666666666664,0.6666333333333333,-4.972829223615413,-7.918848013083395
484,0.7916083333333332,0.20839166666666664,0.375025,0.624975,-5.226375392733836,-8.103726610290623
485,0.7916083333333332,0.20839166666666664,0.4166833333333333,0.5833166666666666,-5.42428399260454,-8.232967638250129
486,0.7916083333333332,0.20839166666666664,0.45834166666666665,0.5416583333333334,-5.5722952906476095,-8.312311364381996
487,0.7916083333333332,0.20839166666666664,0.5,0.5,-5.673658709997934,-8.34500721182113
488,0.7916083333333332,0.20839166666666664,0.5416583333333334,0.45834166666666665,-5.729426995061033,-8.332107924973021
489,0.7916083333333332,0.20839166666666664,0.5833166666666666,0.4166833333333333,-5.738547401431379,-8.2725607594322
490,0.7916083333333332,0.20839166666666664,0.624975,0.375025,-5.697770505974098,-8.163116292063707
491,0.7916083333333332,0.20839166666666664,0.6666333333333333,0.33336666666666664,-5.601356041269099,-7.9980342554475135
492,0.7916083333333332,0.20839166666666664,0.7082916666666667,0.2917083333333333,-5.440504746639633,-7.768515388906851
493,0.7916083333333332,0.20839166666666664,0.74995,0.25005,-5.202359957831668,-7.461703028187692
494,0.7916083333333332,0.20839166666666664,0.7916083333333332,0.20839166666666664,-4.868246116631266,-7.058921615076091
495,0.7916083333333332,0.20839166666666664,0.8332666666666666,0.16673333333333332,-4.410386578702415,-6.532394505236057
496,0.7916083333333332,0.20839166666666664,0.874925,0.125075,-3.785142276719185,-5.838482631341623
497,0.7916083333333332,0.20839166666666664,0.9165833333333333,0.08341666666666667,-2.9165741230855495,-4.901246905796791
498,0.7916083333333332,0.20839166666666664,0.9582416666666667,0.041758333333333335,-1.6423527398559319,-3.558357950655986
499,0.7916083333333332,0.20839166666666664,0.9999,0.0001,0.7972545777250595,-1.0500830611637895
500,0.8332666666666666,0.16673333333333332,0.0001,0.9999,1.5313848633622698,-0.7935833560242164
501,0.8332666666666666,0.16673333333333332,0.041758333333333335,0.9582416666666667,-1.049624133967134,-3.323091674420234
502,0.8332666666666666,0.16673333333333332,0.08341666666666667,0.9165833333333333,-2.46524719694518,-4.687214058464866
503,0.8332666666666666,0.16673333333333332,0.125075,0.874925,-3.475217030327208,-5.645683212913513
504,0.8332666666666666,0.16673333333333332,0.16673333333333332,0.8332666666666666,-4.2418630120588645,-6.360828515711778
505,0.8332666666666666,0.16673333333333332,0.20839166666666664,0.7916083333333332,-4.8411242297361134,-6.908589054455625
506,0.8332666666666666,0.16673333333333332,0.25005,0.74995,-5.3166397506849385,-7.332603896471054
507,0.8332666666666666,0.16673333333333332,0.2917083333333333,0.7082916666666667,-5.696186219241316,-7.6606496860940165
508,0.8332666666666666,0.16673333333333332,0.33336666666666664,0.6666333333333333,-5.998439193619173,-7.911401981538513
509,0.8332666666666666,0.16673333333333332,0.375025,0.624975,-6.236255338072599,-8.097717447058532
510,0.8332666666666666,0.16673333333333332,0.4166833333333333,0.5833166666666666,-6.418433913278292,-8.228395343330824
511,0.8332666666666666,0.16673333333333332,0.45834166666666665,0.5416583333333334,-6.5507151866563476,-8.309175937775482
512,0.8332666666666666,0.16673333333333332,0.5,0.5,-6.636348581341668,-8.343308653527403
513,0.8332666666666666,0.16673333333333332,0.5416583333333334,0.45834166666666665,-6.676386841739742,-8.331846234992083
514,0.8332666666666666,0.16673333333333332,0.5833166666666666,0.4166833333333333,-6.669777223445102,-8.27373593776405
515,0.8332666666666666,0.16673333333333332,0.624975,0.375025,-6.61327030332281,-8.165728338708346
516,0.8332666666666666,0.16673333333333332,0.6666333333333333,0.33336666666666664,-6.501125813952786,-8.002083170404944
517,0.8332666666666666,0.16673333333333332,0.7082916666666667,0.2917083333333333,-6.324544494658312,-7.774001172177069
518,0.8332666666666666,0.16673333333333332,0.74995,0.25005,-6.07066968118535,-7.4686256797707005
519,0.8332666666666666,0.16673333333333332,0.7916083333333332,0.20839166666666664,-5.72082581531992,-7.0672811349718865
520,0.8332666666666666,0.16673333333333332,0.8332666666666666,0.16673333333333332,-5.247236252726079,-6.5421908934446416
521,0.8332666666666666,0.16673333333333332,0.874925,0.125075,-4.606261926077828,-5.849715887862999
522,0.8332666666666666,0.16673333333333332,0.9165833333333333,0.08341666666666667,-3.7219637477791796,-4.913917030630954
523,0.8332666666666666,0.16673333333333332,0.9582416666666667,0.041758333333333335,-2.43201233988456,-3.57246494380294
524,0.8332666666666666,0.16673333333333332,0.9999,0.0001,0.02332500236144952,-1.0656269226235318
525,0.874925,0.125075,0.0001,0.9999,0.512611125370606,-0.7746423779770222
526,0.874925,0.125075,0.041758333333333335,0.9582416666666667,-2.052667847293794,-3.3055875646858293
527,0.874925,0.125075,0.08341666666666667,0.9165833333333333,-3.4525608856068146,-4.67114681704325
528,0.874925,0.125075,0.125075,0.874925,-4.4468006943238585,-5.631052839804687
529,0.874925,0.125075,0.16673333333333332,0.8332666666666666,-5.197716651390486,-6.347635010915741
530,0.874925,0.125075,0.20839166666666664,0.7916083333333332,-5.781247844402742,-6.896832417972377
531,0.874925,0.125075,0.25005,0.74995,-6.241033340686538,-7.322284128300595
532,0.874925,0.125075,0.2917083333333333,0.7082916666666667,-6.604849784577908,-7.651766786236344
533,0.874925,0.125075,0.33336666666666664,0.6666333333333333,-6.891372734290769,-7.903955949993632
534,0.874925,0.125075,0.375025,0.624975,-7.113458854079177,-8.09170828382644
535,0.874925,0.125075,0.4166833333333333,0.5833166666666666,-7.279907404619866,-8.223823048411521
536,0.874925,0.125075,0.45834166666666665,0.5416583333333334,-7.396458653332903,-8.306040511168968
537,0.874925,0.125075,0.5,0.5,-7.466362023353213,-8.341610095233678
538,0.874925,0.125075,0.5416583333333334,0.45834166666666665,-7.490670259086283,-8.331584545011147
539,0.874925,0.125075,0.5833166666666666,0.4166833333333333,-7.468330616126632,-8.274911116095904
540,0.874925,0.125075,0.624975,0.375025,-7.396093671339322,-8.168340385352987
541,0.874925,0.125075,0.6666333333333333,0.33336666666666664,-7.268219157304294,-8.006132085362374
542,0.874925,0.125075,0.7082916666666667,0.2917083333333333,-7.075907813344816,-7.77948695544729
543,0.874925,0.125075,0.74995,0.25005,-6.806302975206833,-7.47554833135371
544,0.874925,0.125075,0.7916083333333332,0.20839166666666664,-6.440729084676406,-7.0756406548676845
545,0.874925,0.125075,0.8332666666666666,0.16673333333333332,-5.9514094974175435,-6.551987281653229
546,0.874925,0.125075,0.874925,0.125075,-5.294705146104288,-5.860949144384374
547,0.874925,0.125075,0.9165833333333333,0.08341666666666667,-4.394676943140638,-4.926587155465119
548,0.874925,0.125075,0.9582416666666667,0.041758333333333335,-3.088995510580993,-3.586571936949894
549,0.874925,0.125075,0.9999,0.0001,-0.617928143669987,-1.081170784083274
550,0.9165833333333333,0.08341666666666667,0.0001,0.9999,-0.2975470956929138,-0.7557013999298283
551,0.9165833333333333,0.08341666666666667,0.041758333333333335,0.9582416666666667,-2.8470960436923036,-3.2880834549514244
552,0.9165833333333333,0.08341666666666667,0.08341666666666667,0.9165833333333333,-4.231259057340306,-4.655079575621634
553,0.9165833333333333,0.08341666666666667,0.125075,0.874925,-5.209768841392332,-5.61642246669586
554,0.9165833333333333,0.08341666666666667,0.16673333333333332,0.8332666666666666,-5.944954773793961,-6.334441506119703
555,0.9165833333333333,0.08341666666666667,0.20839166666666664,0.7916083333333332,-6.512755942141194,-6.885075781489126
556,0.9165833333333333,0.08341666666666667,0.25005,0.74995,-6.956811413760001,-7.311964360130135
557,0.9165833333333333,0.08341666666666667,0.2917083333333333,0.7082916666666667,-7.304897832986352,-7.642883886378674
558,0.9165833333333333,0.08341666666666667,0.33336666666666664,0.6666333333333333,-7.575690758034206,-7.896509918448751
559,0.9165833333333333,0.08341666666666667,0.375025,0.624975,-7.782046853157588,-8.085699120594349
560,0.9165833333333333,0.08341666666666667,0.4166833333333333,0.5833166666666666,-7.932765379033267,-8.219250753492217
561,0.9165833333333333,0.08341666666666667,0.45834166666666665,0.5416583333333334,-8.033586603081307,-8.302905084562454
562,0.9165833333333333,0.08341666666666667,0.5,0.5,-8.087759948436602,-8.339911536939953
563,0.9165833333333333,0.08341666666666667,0.5416583333333334,0.45834166666666665,-8.096338159504672,-8.33132285503021
564,0.9165833333333333,0.08341666666666667,0.5833166666666666,0.4166833333333333,-8.058268491879996,-8.276086294427756
565,0.9165833333333333,0.08341666666666667,0.624975,0.375025,-7.9703015224276825,-8.17095243199763
566,0.9165833333333333,0.08341666666666667,0.6666333333333333,0.33336666666666664,-7.8266969837276505,-8.010181000319806
567,0.9165833333333333,0.08341666666666667,0.7082916666666667,0.2917083333333333,-7.618655615103151,-7.784972738717508
568,0.9165833333333333,0.08341666666666667,0.74995,0.25005,-7.3333207523001676,-7.482470982936718
569,0.9165833333333333,0.08341666666666667,0.7916083333333332,0.20839166666666664,-6.9520168371047255,-7.0840001747634815
570,0.9165833333333333,0.08341666666666667,0.8332666666666666,0.16673333333333332,-6.446967225180858,-6.561783669861815
571,0.9165833333333333,0.08341666666666667,0.874925,0.125075,-5.774532849202593,-5.87218240090575
572,0.9165833333333333,0.08341666666666667,0.9165833333333333,0.08341666666666667,-4.858774621573925,-4.939257280299282
573,0.9165833333333333,0.08341666666666667,0.9582416666666667,0.041758333333333335,-3.5373631643492836,-3.600678930096848
574,0.9165833333333333,0.08341666666666667,0.9999,0.0001,-1.0505657727732585,-1.0967146455430166
575,0.9582416666666667,0.041758333333333335,0.0001,0.9999,-0.7367604218826336,-0.7367604218826511
576,0.9582416666666667,0.041758333333333335,0.041758333333333335,0.9582416666666667,-3.270579345217019,-3.2705793452171785
577,0.9582416666666667,0.041758333333333335,0.08341666666666667,0.9165833333333333,-4.639012334200018,-4.639012334200056
578,0.9582416666666667,0.041758333333333335,0.125075,0.874925,-5.601792093587033,-5.601792093587055
579,0.9582416666666667,0.041758333333333335,0.16673333333333332,0.8332666666666666,-6.321248001323665,-6.321248001323693
580,0.9582416666666667,0.041758333333333335,0.20839166666666664,0.7916083333333332,-6.873319145005878,-6.873319145005918
581,0.9582416666666667,0.041758333333333335,0.25005,0.74995,-7.3016445919596755,-7.301644591959696
582,0.9582416666666667,0.041758333333333335,0.2917083333333333,0.7082916666666667,-7.634000986521002,-7.634000986521094
583,0.9582416666666667,0.041758333333333335,0.33336666666666664,0.6666333333333333,-7.88906388690387,-7.88906388690392
584,0.9582416666666667,0.041758333333333335,0.375025,0.624975,-8.079689957362255,-8.07968995736229
585,0.9582416666666667,0.041758333333333335,0.4166833333333333,0.5833166666666666,-8.214678458572912,-8.214678458572966
586,0.9582416666666667,0.041758333333333335,0.45834166666666665,0.5416583333333334,-8.299769657955938,-8.299769657955968
587,0.9582416666666667,0.041758333333333335,0.5,0.5,-8.338212978646226,-8.33821297864624
588,0.9582416666666667,0.041758333333333335,0.5416583333333334,0.45834166666666665,-8.331061165049274,-8.331061165049324
589,0.9582416666666667,0.041758333333333335,0.5833166666666666,0.4166833333333333,-8.277261472759609,-8.27726147275966
590,0.9582416666666667,0.041758333333333335,0.624975,0.375025,-8.17356447864227,-8.173564478642328
591,0.9582416666666667,0.041758333333333335,0.6666333333333333,0.33336666666666664,-8.014229915277234,-8.014229915277273
592,0.9582416666666667,0.041758333333333335,0.7082916666666667,0.2917083333333333,-7.790458521987727,-7.790458521987774
593,0.9582416666666667,0.041758333333333335,0.74995,0.25005,-7.489393634519725,-7.48939363451977
594,0.9582416666666667,0.041758333333333335,0.7916083333333332,0.20839166666666664,-7.092359694659278,-7.092359694659328
595,0.9582416666666667,0.041758333333333335,0.8332666666666666,0.16673333333333332,-6.571580058070401,-6.5715800580704355
596,0.9582416666666667,0.041758333333333335,0.874925,0.125075,-5.8834156574271255,-5.883415657427164
597,0.9582416666666667,0.041758333333333335,0.9165833333333333,0.08341666666666667,-4.951927405133446,-4.951927405133511
598,0.9582416666666667,0.041758333333333335,0.9582416666666667,0.041758333333333335,-3.614785923243801,-3.6147859232439576
599,0.9582416666666667,0.041758333333333335,0.9999,0.0001,-1.1122585070027582,-1.112258507002783
600,0.9999,0.0001,0.0001,0.9999,-0.045296148443227054,-0.04529614844326727
601,0.9999,0.0001,0.041758333333333335,0.9582416666666667,-2.5633850471125874,-2.5633850471126065
602,0.9999,0.0001,0.08341666666666667,0.9165833333333333,-3.916088011430589,-3.91608801143061
603,0.9999,0.0001,0.125075,0.874925,-4.86313774615258,-4.863137746152604
604,0.9999,0.0001,0.16673333333333332,0.8332666666666666,-5.566863629224201,-5.5668636292242315
605,0.9999,0.0001,0.20839166666666664,0.7916083333333332,-6.10320474824141,-6.103204748241461
606,0.9999,0.0001,0.25005,0.74995,-6.515800170530197,-6.515800170530288
607,0.9999,0.0001,0.2917083333333333,0.7082916666666667,-6.832426540426532,-6.832426540426575
608,0.9999,0.0001,0.33336666666666664,0.6666333333333333,-7.0717594161443635,-7.071759416144396
609,0.9999,0.0001,0.375025,0.624975,-7.246655461937735,-7.246655461937786
610,0.9999,0.0001,0.4166833333333333,0.5833166666666666,-7.365913938483402,-7.365913938483423
611,0.9999,0.0001,0.45834166666666665,0.5416583333333334,-7.4352751132013974,-7.435275113201411
612,0.9999,0.0001,0.5,0.5,-7.457988409226703,-7.457988409226716
613,0.9999,0.0001,0.5416583333333334,0.45834166666666665,-7.435106570964733,-7.435106570964746
614,0.9999,0.0001,0.5833166666666666,0.4166833333333333,-7.365576854010051,-7.365576854010064
615,0.9999,0.0001,0.624975,0.375025,-7.246149835227712,-7.246149835227763
616,0.9999,0.0001,0.6666333333333333,0.33336666666666664,-7.0710852471976615,-7.0710852471976935
617,0.9999,0.0001,0.7082916666666667,0.2917083333333333,-6.831583829243144,-6.831583829243167
618,0.9999,0.0001,0.74995,0.25005,-6.514788917110144,-6.514788917110235
619,0.9999,0.0001,0.7916083333333332,0.20839166666666664,-6.102024952584685,-6.102024952584738
620,0.9999,0.0001,0.8332666666666666,0.16673333333333332,-5.565515291330797,-5.565515291330834
621,0.9999,0.0001,0.874925,0.125075,-4.861620866022497,-4.861620866022525
622,0.9999,0.0001,0.9165833333333333,0.08341666666666667,-3.91440258906382,-3.9144025890638448
623,0.9999,0.0001,0.9582416666666667,0.041758333333333335,-2.5615310825091533,-2.561531082509176
624,0.9999,0.0001,0.9999,0.0001,-0.04327364160312098,-0.043273641603156346
